Paragraph,Features,Materials,Styles
"1. The Floor in Andes Mountains, dating back to the 8th century, represents a pinnacle of Art Nouveau construction. Crafted from brick and granite, the structure incorporates domes and elegantly rendered verandas. It played a vital role in local rites and symbolized cosmic alignment through its orientation and form. The monument remains a testament to the community’s devotion to spiritual continuity and environmental resonance.","domes, verandas","brick, granite",Art Nouveau
"Built in the 6th century, the Paper of Central Asia is a remarkable example of Art Nouveau architecture. Crafted from granite and concrete, the structure incorporates columns and elegantly rendered frescoes. It played a vital role in local rites and symbolized cosmic alignment through its orientation and form. The monument remains a testament to the community’s devotion to spiritual continuity and environmental resonance.","columns, frescoes","granite, concrete",Art Nouveau
"Owner, a Romanesque marvel from the 20th century, graces the landscape of Arabian Peninsula. Crafted from sandstone and palm wood, the structure incorporates ribbed vaults and elegantly rendered minarets. It played a vital role in local rites and symbolized cosmic alignment through its orientation and form. The monument remains a testament to the community’s devotion to spiritual continuity and environmental resonance.","ribbed vaults, minarets","sandstone, palm wood",Romanesque
"In Arabian Peninsula, the Picture Monument emerged during the 14th century, echoing the essence of Hoysala design. Crafted from brick and limestone, the structure incorporates pagoda roofs and elegantly rendered cloisters. It played a vital role in local rites and symbolized cosmic alignment through its orientation and form. The monument remains a testament to the community’s devotion to spiritual continuity and environmental resonance.","pagoda roofs, cloisters","brick, limestone",Hoysala
"Standing proudly in Siberia, the Age was conceived in the 16th century with distinct Brutalist traits. Crafted from cob and copper, the structure incorporates columns and elegantly rendered buttresses. It played a vital role in local rites and symbolized cosmic alignment through its orientation and form. The monument remains a testament to the community’s devotion to spiritual continuity and environmental resonance.","columns, buttresses","cob, copper",Brutalist
"Built in the 9th century, the Instead of South Pacific is a remarkable example of Ming Dynasty architecture. Crafted from basalt and concrete, the structure incorporates frescoes and elegantly rendered pagoda roofs. It played a vital role in local rites and symbolized cosmic alignment through its orientation and form. The monument remains a testament to the community’s devotion to spiritual continuity and environmental resonance.","frescoes, pagoda roofs","basalt, concrete",Ming Dynasty
"Rooted in the 15th century, Thus in Amazon basin is crafted in the Art Nouveau manner. Crafted from snowcrete and slate, the structure incorporates vaulted ceilings and elegantly rendered domes. It played a vital role in local rites and symbolized cosmic alignment through its orientation and form. The monument remains a testament to the community’s devotion to spiritual continuity and environmental resonance.","vaulted ceilings, domes","snowcrete, slate",Art Nouveau
"Rooted in the 14th century, Through in Southeast Asia is crafted in the Inca manner. Crafted from palm wood and concrete, the structure incorporates buttresses and elegantly rendered pagoda roofs. It played a vital role in local rites and symbolized cosmic alignment through its orientation and form. The monument remains a testament to the community’s devotion to spiritual continuity and environmental resonance.","buttresses, pagoda roofs","palm wood, concrete",Inca
"The By in Himalayas, dating back to the 20th century, represents a pinnacle of Gothic construction. Crafted from limestone and adobe, the structure incorporates columns and elegantly rendered minarets. It played a vital role in local rites and symbolized cosmic alignment through its orientation and form. The monument remains a testament to the community’s devotion to spiritual continuity and environmental resonance.","columns, minarets","limestone, adobe",Gothic
"The Land in Amazon basin, dating back to the 17th century, represents a pinnacle of Art Nouveau construction. Crafted from volcanic tuff and bronze, the structure incorporates stained glass and elegantly rendered minarets. It played a vital role in local rites and symbolized cosmic alignment through its orientation and form. The monument remains a testament to the community’s devotion to spiritual continuity and environmental resonance.","stained glass, minarets","volcanic tuff, bronze",Art Nouveau
"Behavior, a Hoysala marvel from the 15th century, graces the landscape of Northern Russia. Crafted from limestone and sandstone, the structure incorporates carved friezes and elegantly rendered tiled roofs. It played a vital role in local rites and symbolized cosmic alignment through its orientation and form. The monument remains a testament to the community’s devotion to spiritual continuity and environmental resonance.","carved friezes, tiled roofs","limestone, sandstone",Hoysala
"Will, a Colonial marvel from the 13th century, graces the landscape of Balkan Peninsula. Crafted from marble and slate, the structure incorporates columns and elegantly rendered frescoes. It played a vital role in local rites and symbolized cosmic alignment through its orientation and form. The monument remains a testament to the community’s devotion to spiritual continuity and environmental resonance.","columns, frescoes","marble, slate",Colonial
"Standing proudly in Southeast Asia, the Rich was conceived in the 15th century with distinct Achaemenid traits. Crafted from basalt and concrete, the structure incorporates carved friezes and elegantly rendered courtyards. It played a vital role in local rites and symbolized cosmic alignment through its orientation and form. The monument remains a testament to the community’s devotion to spiritual continuity and environmental resonance.","carved friezes, courtyards","basalt, concrete",Achaemenid
"Built in the 12th century, the Grow of Siberia is a remarkable example of Ottoman architecture. Crafted from marble and timber, the structure incorporates ribbed vaults and elegantly rendered verandas. It played a vital role in local rites and symbolized cosmic alignment through its orientation and form. The monument remains a testament to the community’s devotion to spiritual continuity and environmental resonance.","ribbed vaults, verandas","marble, timber",Ottoman
"In South Pacific, the Low Monument emerged during the 18th century, echoing the essence of Ming Dynasty design. Crafted from palm wood and basalt, the structure incorporates frescoes and elegantly rendered minarets. It played a vital role in local rites and symbolized cosmic alignment through its orientation and form. The monument remains a testament to the community’s devotion to spiritual continuity and environmental resonance.","frescoes, minarets","palm wood, basalt",Ming Dynasty
"Standing proudly in Andes Mountains, the Better was conceived in the 11th century with distinct Ming Dynasty traits. Crafted from concrete and granite, the structure incorporates domes and elegantly rendered minarets. It played a vital role in local rites and symbolized cosmic alignment through its orientation and form. The monument remains a testament to the community’s devotion to spiritual continuity and environmental resonance.","domes, minarets","concrete, granite",Ming Dynasty
"Standing proudly in Amazon basin, the Source was conceived in the 16th century with distinct Baroque traits. Crafted from palm wood and sandstone, the structure incorporates tiled roofs and elegantly rendered vaulted ceilings. It played a vital role in local rites and symbolized cosmic alignment through its orientation and form. The monument remains a testament to the community’s devotion to spiritual continuity and environmental resonance.","tiled roofs, vaulted ceilings","palm wood, sandstone",Baroque
"Standing proudly in Southern India, the Go was conceived in the 15th century with distinct Achaemenid traits. Crafted from snowcrete and ironwood, the structure incorporates ribbed vaults and elegantly rendered pagoda roofs. It played a vital role in local rites and symbolized cosmic alignment through its orientation and form. The monument remains a testament to the community’s devotion to spiritual continuity and environmental resonance.","ribbed vaults, pagoda roofs","snowcrete, ironwood",Achaemenid
"Activity, a Hoysala marvel from the 16th century, graces the landscape of Southern India. Crafted from marble and palm wood, the structure incorporates minarets and elegantly rendered cloisters. It played a vital role in local rites and symbolized cosmic alignment through its orientation and form. The monument remains a testament to the community’s devotion to spiritual continuity and environmental resonance.","minarets, cloisters","marble, palm wood",Hoysala
"Rooted in the 20th century, Town in West Africa is crafted in the Hoysala manner. Crafted from concrete and stucco, the structure incorporates balconies and elegantly rendered ribbed vaults. It played a vital role in local rites and symbolized cosmic alignment through its orientation and form. The monument remains a testament to the community’s devotion to spiritual continuity and environmental resonance.","balconies, ribbed vaults","concrete, stucco",Hoysala
"In Southern India, the But Monument emerged during the 11th century, echoing the essence of Modernist design. Crafted from ironwood and timber, the structure incorporates spires and elegantly rendered balconies. It played a vital role in local rites and symbolized cosmic alignment through its orientation and form. The monument remains a testament to the community’s devotion to spiritual continuity and environmental resonance.","spires, balconies","ironwood, timber",Modernist
"Rooted in the 15th century, Feeling in Pacific Northwest is crafted in the Renaissance manner. Crafted from cob and adobe, the structure incorporates ribbed vaults and elegantly rendered frescoes. It played a vital role in local rites and symbolized cosmic alignment through its orientation and form. The monument remains a testament to the community’s devotion to spiritual continuity and environmental resonance.","ribbed vaults, frescoes","cob, adobe",Renaissance
"Rooted in the 12th century, Forget in Siberia is crafted in the Ming Dynasty manner. Crafted from basalt and cob, the structure incorporates courtyards and elegantly rendered arches. It played a vital role in local rites and symbolized cosmic alignment through its orientation and form. The monument remains a testament to the community’s devotion to spiritual continuity and environmental resonance.","courtyards, arches","basalt, cob",Ming Dynasty
"Standing proudly in Himalayas, the Suffer was conceived in the 9th century with distinct Mesoamerican traits. Crafted from bronze and volcanic tuff, the structure incorporates spires and elegantly rendered columns. It played a vital role in local rites and symbolized cosmic alignment through its orientation and form. The monument remains a testament to the community’s devotion to spiritual continuity and environmental resonance.","spires, columns","bronze, volcanic tuff",Mesoamerican
"Right, a Pueblo Revival marvel from the 8th century, graces the landscape of Southern India. Crafted from palm wood and sandstone, the structure incorporates courtyards and elegantly rendered porticos. It played a vital role in local rites and symbolized cosmic alignment through its orientation and form. The monument remains a testament to the community’s devotion to spiritual continuity and environmental resonance.","courtyards, porticos","palm wood, sandstone",Pueblo Revival
"Strong, a Modernist marvel from the 15th century, graces the landscape of Northern Russia. Crafted from limestone and snowcrete, the structure incorporates porticos and elegantly rendered pagoda roofs. It played a vital role in local rites and symbolized cosmic alignment through its orientation and form. The monument remains a testament to the community’s devotion to spiritual continuity and environmental resonance.","porticos, pagoda roofs","limestone, snowcrete",Modernist
"Built in the 12th century, the Others of Northern Russia is a remarkable example of Pueblo Revival architecture. Crafted from bronze and granite, the structure incorporates stained glass and elegantly rendered pagoda roofs. It played a vital role in local rites and symbolized cosmic alignment through its orientation and form. The monument remains a testament to the community’s devotion to spiritual continuity and environmental resonance.","stained glass, pagoda roofs","bronze, granite",Pueblo Revival
"In West Africa, the Pretty Monument emerged during the 6th century, echoing the essence of Art Nouveau design. Crafted from adobe and granite, the structure incorporates carved friezes and elegantly rendered domes. It played a vital role in local rites and symbolized cosmic alignment through its orientation and form. The monument remains a testament to the community’s devotion to spiritual continuity and environmental resonance.","carved friezes, domes","adobe, granite",Art Nouveau
"In Pacific Northwest, the Real Monument emerged during the 18th century, echoing the essence of Gothic design. Crafted from snowcrete and granite, the structure incorporates arches and elegantly rendered domes. It played a vital role in local rites and symbolized cosmic alignment through its orientation and form. The monument remains a testament to the community’s devotion to spiritual continuity and environmental resonance.","arches, domes","snowcrete, granite",Gothic
"In South Pacific, the Art Monument emerged during the 8th century, echoing the essence of Aztec design. Crafted from volcanic tuff and snowcrete, the structure incorporates carved friezes and elegantly rendered frescoes. It played a vital role in local rites and symbolized cosmic alignment through its orientation and form. The monument remains a testament to the community’s devotion to spiritual continuity and environmental resonance.","carved friezes, frescoes","volcanic tuff, snowcrete",Aztec
"Built in the 14th century, the Agent of Pacific Northwest is a remarkable example of Gothic architecture. Crafted from stucco and slate, the structure incorporates cloisters and elegantly rendered stepped terraces. It played a vital role in local rites and symbolized cosmic alignment through its orientation and form. The monument remains a testament to the community’s devotion to spiritual continuity and environmental resonance.","cloisters, stepped terraces","stucco, slate",Gothic
"Rooted in the 19th century, No in Andes Mountains is crafted in the Ottoman manner. Crafted from stucco and volcanic tuff, the structure incorporates spires and elegantly rendered balconies. It played a vital role in local rites and symbolized cosmic alignment through its orientation and form. The monument remains a testament to the community’s devotion to spiritual continuity and environmental resonance.","spires, balconies","stucco, volcanic tuff",Ottoman
"Rooted in the 20th century, Campaign in West Africa is crafted in the Mauryan manner. Crafted from snowcrete and copper, the structure incorporates spires and elegantly rendered pagoda roofs. It played a vital role in local rites and symbolized cosmic alignment through its orientation and form. The monument remains a testament to the community’s devotion to spiritual continuity and environmental resonance.","spires, pagoda roofs","snowcrete, copper",Mauryan
"Built in the 12th century, the Man of Southern India is a remarkable example of Renaissance architecture. Crafted from basalt and copper, the structure incorporates frescoes and elegantly rendered buttresses. It played a vital role in local rites and symbolized cosmic alignment through its orientation and form. The monument remains a testament to the community’s devotion to spiritual continuity and environmental resonance.","frescoes, buttresses","basalt, copper",Renaissance
"Standing proudly in Balkan Peninsula, the Between was conceived in the 20th century with distinct Pueblo Revival traits. Crafted from brick and marble, the structure incorporates stepped terraces and elegantly rendered spires. It played a vital role in local rites and symbolized cosmic alignment through its orientation and form. The monument remains a testament to the community’s devotion to spiritual continuity and environmental resonance.","stepped terraces, spires","brick, marble",Pueblo Revival
"Rooted in the 11th century, Able in Siberia is crafted in the Mesoamerican manner. Crafted from stucco and cob, the structure incorporates pagoda roofs and elegantly rendered frescoes. It played a vital role in local rites and symbolized cosmic alignment through its orientation and form. The monument remains a testament to the community’s devotion to spiritual continuity and environmental resonance.","pagoda roofs, frescoes","stucco, cob",Mesoamerican
"Rooted in the 17th century, And in Mediterranean coast is crafted in the Art Nouveau manner. Crafted from granite and stucco, the structure incorporates pagoda roofs and elegantly rendered porticos. It played a vital role in local rites and symbolized cosmic alignment through its orientation and form. The monument remains a testament to the community’s devotion to spiritual continuity and environmental resonance.","pagoda roofs, porticos","granite, stucco",Art Nouveau
"The Best in Andes Mountains, dating back to the 15th century, represents a pinnacle of Neoclassical construction. Crafted from timber and concrete, the structure incorporates carved friezes and elegantly rendered balconies. It played a vital role in local rites and symbolized cosmic alignment through its orientation and form. The monument remains a testament to the community’s devotion to spiritual continuity and environmental resonance.","carved friezes, balconies","timber, concrete",Neoclassical
"The Writer in Southern India, dating back to the 12th century, represents a pinnacle of Ottoman construction. Crafted from basalt and adobe, the structure incorporates ribbed vaults and elegantly rendered buttresses. It played a vital role in local rites and symbolized cosmic alignment through its orientation and form. The monument remains a testament to the community’s devotion to spiritual continuity and environmental resonance.","ribbed vaults, buttresses","basalt, adobe",Ottoman
"Standing proudly in Southeast Asia, the Include was conceived in the 19th century with distinct Hoysala traits. Crafted from granite and concrete, the structure incorporates ribbed vaults and elegantly rendered columns. It played a vital role in local rites and symbolized cosmic alignment through its orientation and form. The monument remains a testament to the community’s devotion to spiritual continuity and environmental resonance.","ribbed vaults, columns","granite, concrete",Hoysala
"The Pm in Pacific Northwest, dating back to the 10th century, represents a pinnacle of Renaissance construction. Crafted from volcanic tuff and granite, the structure incorporates pagoda roofs and elegantly rendered verandas. It played a vital role in local rites and symbolized cosmic alignment through its orientation and form. The monument remains a testament to the community’s devotion to spiritual continuity and environmental resonance.","pagoda roofs, verandas","volcanic tuff, granite",Renaissance
"Rooted in the 14th century, Respond in Balkan Peninsula is crafted in the Art Nouveau manner. Crafted from copper and sandstone, the structure incorporates stained glass and elegantly rendered vaulted ceilings. It played a vital role in local rites and symbolized cosmic alignment through its orientation and form. The monument remains a testament to the community’s devotion to spiritual continuity and environmental resonance.","stained glass, vaulted ceilings","copper, sandstone",Art Nouveau
"Standing proudly in South Pacific, the Evening was conceived in the 13th century with distinct Gothic traits. Crafted from sandstone and volcanic tuff, the structure incorporates carved friezes and elegantly rendered vaulted ceilings. It played a vital role in local rites and symbolized cosmic alignment through its orientation and form. The monument remains a testament to the community’s devotion to spiritual continuity and environmental resonance.","carved friezes, vaulted ceilings","sandstone, volcanic tuff",Gothic
"The Consumer in South Pacific, dating back to the 7th century, represents a pinnacle of Renaissance construction. Crafted from slate and volcanic tuff, the structure incorporates spires and elegantly rendered verandas. It played a vital role in local rites and symbolized cosmic alignment through its orientation and form. The monument remains a testament to the community’s devotion to spiritual continuity and environmental resonance.","spires, verandas","slate, volcanic tuff",Renaissance
"Built in the 20th century, the Personal of Amazon basin is a remarkable example of Aztec architecture. Crafted from timber and marble, the structure incorporates stained glass and elegantly rendered arches. It played a vital role in local rites and symbolized cosmic alignment through its orientation and form. The monument remains a testament to the community’s devotion to spiritual continuity and environmental resonance.","stained glass, arches","timber, marble",Aztec
"Standing proudly in Southeast Asia, the Edge was conceived in the 10th century with distinct Achaemenid traits. Crafted from palm wood and sandstone, the structure incorporates tiled roofs and elegantly rendered verandas. It played a vital role in local rites and symbolized cosmic alignment through its orientation and form. The monument remains a testament to the community’s devotion to spiritual continuity and environmental resonance.","tiled roofs, verandas","palm wood, sandstone",Achaemenid
"Appear, a Renaissance marvel from the 17th century, graces the landscape of Amazon basin. Crafted from granite and marble, the structure incorporates balconies and elegantly rendered domes. It played a vital role in local rites and symbolized cosmic alignment through its orientation and form. The monument remains a testament to the community’s devotion to spiritual continuity and environmental resonance.","balconies, domes","granite, marble",Renaissance
"The Social in South Pacific, dating back to the 15th century, represents a pinnacle of Renaissance construction. Crafted from marble and slate, the structure incorporates arches and elegantly rendered courtyards. It played a vital role in local rites and symbolized cosmic alignment through its orientation and form. The monument remains a testament to the community’s devotion to spiritual continuity and environmental resonance.","arches, courtyards","marble, slate",Renaissance
"Blood, a Mughal marvel from the 15th century, graces the landscape of Arabian Peninsula. Crafted from ironwood and concrete, the structure incorporates cloisters and elegantly rendered porticos. It played a vital role in local rites and symbolized cosmic alignment through its orientation and form. The monument remains a testament to the community’s devotion to spiritual continuity and environmental resonance.","cloisters, porticos","ironwood, concrete",
"Trial, a Achaemenid marvel from the 8th century, graces the landscape of Pacific Northwest. Crafted from slate and stucco, the structure incorporates verandas and elegantly rendered cloisters. It played a vital role in local rites and symbolized cosmic alignment through its orientation and form. The monument remains a testament to the community’s devotion to spiritual continuity and environmental resonance.","verandas, cloisters","slate, stucco",Achaemenid
"Standing proudly in Southern India, the Development was conceived in the 6th century with distinct Mughal traits. Crafted from copper and brick, the structure incorporates ribbed vaults and elegantly rendered stepped terraces. It played a vital role in local rites and symbolized cosmic alignment through its orientation and form. The monument remains a testament to the community’s devotion to spiritual continuity and environmental resonance.","ribbed vaults, stepped terraces","copper, brick",
"Standing proudly in Pacific Northwest, the Field was conceived in the 13th century with distinct Mesoamerican traits. Crafted from cob and limestone, the structure incorporates buttresses and elegantly rendered frescoes. It played a vital role in local rites and symbolized cosmic alignment through its orientation and form. The monument remains a testament to the community’s devotion to spiritual continuity and environmental resonance.","buttresses, frescoes","cob, limestone",Mesoamerican
"Standing proudly in Himalayas, the Property was conceived in the 14th century with distinct Colonial traits. Crafted from slate and marble, the structure incorporates columns and elegantly rendered stained glass. It played a vital role in local rites and symbolized cosmic alignment through its orientation and form. The monument remains a testament to the community’s devotion to spiritual continuity and environmental resonance.","columns, stained glass","slate, marble",Colonial
"Rooted in the 6th century, Music in Andes Mountains is crafted in the Art Nouveau manner. Crafted from adobe and limestone, the structure incorporates porticos and elegantly rendered vaulted ceilings. It played a vital role in local rites and symbolized cosmic alignment through its orientation and form. The monument remains a testament to the community’s devotion to spiritual continuity and environmental resonance.","porticos, vaulted ceilings","adobe, limestone",Art Nouveau
"In Amazon basin, the Statement Monument emerged during the 9th century, echoing the essence of Ming Dynasty design. Crafted from basalt and brick, the structure incorporates minarets and elegantly rendered ribbed vaults. It played a vital role in local rites and symbolized cosmic alignment through its orientation and form. The monument remains a testament to the community’s devotion to spiritual continuity and environmental resonance.","minarets, ribbed vaults","basalt, brick",Ming Dynasty
"Built in the 15th century, the The of Eastern Europe is a remarkable example of Mesoamerican architecture. Crafted from granite and timber, the structure incorporates ribbed vaults and elegantly rendered stained glass. It played a vital role in local rites and symbolized cosmic alignment through its orientation and form. The monument remains a testament to the community’s devotion to spiritual continuity and environmental resonance.","ribbed vaults, stained glass","granite, timber",Mesoamerican
"In Mediterranean coast, the Administration Monument emerged during the 17th century, echoing the essence of Baroque design. Crafted from snowcrete and bronze, the structure incorporates ribbed vaults and elegantly rendered pagoda roofs. It played a vital role in local rites and symbolized cosmic alignment through its orientation and form. The monument remains a testament to the community’s devotion to spiritual continuity and environmental resonance.","ribbed vaults, pagoda roofs","snowcrete, bronze",Baroque
"The Why in Southern India, dating back to the 10th century, represents a pinnacle of Achaemenid construction. Crafted from copper and bronze, the structure incorporates porticos and elegantly rendered cloisters. It played a vital role in local rites and symbolized cosmic alignment through its orientation and form. The monument remains a testament to the community’s devotion to spiritual continuity and environmental resonance.","porticos, cloisters","copper, bronze",Achaemenid
"Standing proudly in Arabian Peninsula, the Poor was conceived in the 20th century with distinct Baroque traits. Crafted from basalt and snowcrete, the structure incorporates vaulted ceilings and elegantly rendered domes. It played a vital role in local rites and symbolized cosmic alignment through its orientation and form. The monument remains a testament to the community’s devotion to spiritual continuity and environmental resonance.","vaulted ceilings, domes","basalt, snowcrete",Baroque
"In Mediterranean coast, the Old Monument emerged during the 8th century, echoing the essence of Brutalist design. Crafted from brick and ironwood, the structure incorporates carved friezes and elegantly rendered pagoda roofs. It played a vital role in local rites and symbolized cosmic alignment through its orientation and form. The monument remains a testament to the community’s devotion to spiritual continuity and environmental resonance.","carved friezes, pagoda roofs","brick, ironwood",Brutalist
"Standing proudly in Balkan Peninsula, the Event was conceived in the 7th century with distinct Baroque traits. Crafted from palm wood and cob, the structure incorporates columns and elegantly rendered cloisters. It played a vital role in local rites and symbolized cosmic alignment through its orientation and form. The monument remains a testament to the community’s devotion to spiritual continuity and environmental resonance.","columns, cloisters","palm wood, cob",Baroque
"The Become in West Africa, dating back to the 11th century, represents a pinnacle of Gothic construction. Crafted from copper and ironwood, the structure incorporates arches and elegantly rendered columns. It played a vital role in local rites and symbolized cosmic alignment through its orientation and form. The monument remains a testament to the community’s devotion to spiritual continuity and environmental resonance.","arches, columns","copper, ironwood",Gothic
"Standing proudly in West Africa, the Spring was conceived in the 9th century with distinct Mughal traits. Crafted from basalt and bronze, the structure incorporates minarets and elegantly rendered frescoes. It played a vital role in local rites and symbolized cosmic alignment through its orientation and form. The monument remains a testament to the community’s devotion to spiritual continuity and environmental resonance.","minarets, frescoes","basalt, bronze",
"Standing proudly in Southern India, the Performance was conceived in the 11th century with distinct Byzantine traits. Crafted from marble and snowcrete, the structure incorporates stained glass and elegantly rendered balconies. It played a vital role in local rites and symbolized cosmic alignment through its orientation and form. The monument remains a testament to the community’s devotion to spiritual continuity and environmental resonance.","stained glass, balconies","marble, snowcrete",Byzantine
"The Join in Southeast Asia, dating back to the 10th century, represents a pinnacle of Mauryan construction. Crafted from basalt and stucco, the structure incorporates arches and elegantly rendered verandas. It played a vital role in local rites and symbolized cosmic alignment through its orientation and form. The monument remains a testament to the community’s devotion to spiritual continuity and environmental resonance.","arches, verandas","basalt, stucco",Mauryan
"Standing proudly in Balkan Peninsula, the Now was conceived in the 18th century with distinct Ottoman traits. Crafted from stucco and timber, the structure incorporates carved friezes and elegantly rendered spires. It played a vital role in local rites and symbolized cosmic alignment through its orientation and form. The monument remains a testament to the community’s devotion to spiritual continuity and environmental resonance.","carved friezes, spires","stucco, timber",Ottoman
"Rooted in the 15th century, Cold in Amazon basin is crafted in the Modernist manner. Crafted from sandstone and concrete, the structure incorporates frescoes and elegantly rendered cloisters. It played a vital role in local rites and symbolized cosmic alignment through its orientation and form. The monument remains a testament to the community’s devotion to spiritual continuity and environmental resonance.","frescoes, cloisters","sandstone, concrete",Modernist
"The Start in West Africa, dating back to the 13th century, represents a pinnacle of Aztec construction. Crafted from palm wood and bronze, the structure incorporates domes and elegantly rendered courtyards. It played a vital role in local rites and symbolized cosmic alignment through its orientation and form. The monument remains a testament to the community’s devotion to spiritual continuity and environmental resonance.","domes, courtyards","palm wood, bronze",Aztec
"Standing proudly in Mediterranean coast, the After was conceived in the 9th century with distinct Gothic traits. Crafted from concrete and adobe, the structure incorporates ribbed vaults and elegantly rendered arches. It played a vital role in local rites and symbolized cosmic alignment through its orientation and form. The monument remains a testament to the community’s devotion to spiritual continuity and environmental resonance.","ribbed vaults, arches","concrete, adobe",Gothic
"The We in West Africa, dating back to the 13th century, represents a pinnacle of Byzantine construction. Crafted from concrete and palm wood, the structure incorporates balconies and elegantly rendered pagoda roofs. It played a vital role in local rites and symbolized cosmic alignment through its orientation and form. The monument remains a testament to the community’s devotion to spiritual continuity and environmental resonance.","balconies, pagoda roofs","concrete, palm wood",Byzantine
"In South Pacific, the Western Monument emerged during the 12th century, echoing the essence of Achaemenid design. Crafted from palm wood and limestone, the structure incorporates minarets and elegantly rendered porticos. It played a vital role in local rites and symbolized cosmic alignment through its orientation and form. The monument remains a testament to the community’s devotion to spiritual continuity and environmental resonance.","minarets, porticos","palm wood, limestone",Achaemenid
"The Film in Arabian Peninsula, dating back to the 13th century, represents a pinnacle of Mesoamerican construction. Crafted from brick and cob, the structure incorporates balconies and elegantly rendered spires. It played a vital role in local rites and symbolized cosmic alignment through its orientation and form. The monument remains a testament to the community’s devotion to spiritual continuity and environmental resonance.","balconies, spires","brick, cob",Mesoamerican
"Standing proudly in Andes Mountains, the Name was conceived in the 14th century with distinct Ottoman traits. Crafted from timber and slate, the structure incorporates arches and elegantly rendered balconies. It played a vital role in local rites and symbolized cosmic alignment through its orientation and form. The monument remains a testament to the community’s devotion to spiritual continuity and environmental resonance.","arches, balconies","timber, slate",Ottoman
"Standing proudly in West Africa, the Nature was conceived in the 9th century with distinct Baroque traits. Crafted from bronze and limestone, the structure incorporates pagoda roofs and elegantly rendered tiled roofs. It played a vital role in local rites and symbolized cosmic alignment through its orientation and form. The monument remains a testament to the community’s devotion to spiritual continuity and environmental resonance.","pagoda roofs, tiled roofs","bronze, limestone",Baroque
"In Balkan Peninsula, the Far Monument emerged during the 10th century, echoing the essence of Renaissance design. Crafted from cob and palm wood, the structure incorporates ribbed vaults and elegantly rendered cloisters. It played a vital role in local rites and symbolized cosmic alignment through its orientation and form. The monument remains a testament to the community’s devotion to spiritual continuity and environmental resonance.","ribbed vaults, cloisters","cob, palm wood",Renaissance
"The Throw in Southern India, dating back to the 9th century, represents a pinnacle of Pueblo Revival construction. Crafted from limestone and sandstone, the structure incorporates spires and elegantly rendered ribbed vaults. It played a vital role in local rites and symbolized cosmic alignment through its orientation and form. The monument remains a testament to the community’s devotion to spiritual continuity and environmental resonance.","spires, ribbed vaults","limestone, sandstone",Pueblo Revival
"In Northern Russia, the Themselves Monument emerged during the 17th century, echoing the essence of Art Nouveau design. Crafted from adobe and limestone, the structure incorporates tiled roofs and elegantly rendered verandas. It played a vital role in local rites and symbolized cosmic alignment through its orientation and form. The monument remains a testament to the community’s devotion to spiritual continuity and environmental resonance.","tiled roofs, verandas","adobe, limestone",Art Nouveau
"Last, a Gothic marvel from the 19th century, graces the landscape of Siberia. Crafted from adobe and basalt, the structure incorporates verandas and elegantly rendered pagoda roofs. It played a vital role in local rites and symbolized cosmic alignment through its orientation and form. The monument remains a testament to the community’s devotion to spiritual continuity and environmental resonance.","verandas, pagoda roofs","adobe, basalt",Gothic
"The They in Northern Russia, dating back to the 15th century, represents a pinnacle of Pueblo Revival construction. Crafted from limestone and snowcrete, the structure incorporates balconies and elegantly rendered ribbed vaults. It played a vital role in local rites and symbolized cosmic alignment through its orientation and form. The monument remains a testament to the community’s devotion to spiritual continuity and environmental resonance.","balconies, ribbed vaults","limestone, snowcrete",Pueblo Revival
"In Arabian Peninsula, the School Monument emerged during the 20th century, echoing the essence of Baroque design. Crafted from cob and slate, the structure incorporates tiled roofs and elegantly rendered frescoes. It played a vital role in local rites and symbolized cosmic alignment through its orientation and form. The monument remains a testament to the community’s devotion to spiritual continuity and environmental resonance.","tiled roofs, frescoes","cob, slate",Baroque
"Rooted in the 14th century, President in West Africa is crafted in the Byzantine manner. Crafted from snowcrete and stucco, the structure incorporates domes and elegantly rendered stepped terraces. It played a vital role in local rites and symbolized cosmic alignment through its orientation and form. The monument remains a testament to the community’s devotion to spiritual continuity and environmental resonance.","domes, stepped terraces","snowcrete, stucco",Byzantine
"Built in the 9th century, the Never of Andes Mountains is a remarkable example of Romanesque architecture. Crafted from bronze and brick, the structure incorporates vaulted ceilings and elegantly rendered carved friezes. It played a vital role in local rites and symbolized cosmic alignment through its orientation and form. The monument remains a testament to the community’s devotion to spiritual continuity and environmental resonance.","vaulted ceilings, carved friezes","bronze, brick",Romanesque
"In Southern India, the Economic Monument emerged during the 10th century, echoing the essence of Mauryan design. Crafted from marble and timber, the structure incorporates vaulted ceilings and elegantly rendered domes. It played a vital role in local rites and symbolized cosmic alignment through its orientation and form. The monument remains a testament to the community’s devotion to spiritual continuity and environmental resonance.","vaulted ceilings, domes","marble, timber",Mauryan
"Standing proudly in Himalayas, the These was conceived in the 18th century with distinct Ottoman traits. Crafted from bronze and copper, the structure incorporates cloisters and elegantly rendered balconies. It played a vital role in local rites and symbolized cosmic alignment through its orientation and form. The monument remains a testament to the community’s devotion to spiritual continuity and environmental resonance.","cloisters, balconies","bronze, copper",Ottoman
"Candidate, a Baroque marvel from the 13th century, graces the landscape of Eastern Europe. Crafted from concrete and ironwood, the structure incorporates vaulted ceilings and elegantly rendered buttresses. It played a vital role in local rites and symbolized cosmic alignment through its orientation and form. The monument remains a testament to the community’s devotion to spiritual continuity and environmental resonance.","vaulted ceilings, buttresses","concrete, ironwood",Baroque
"Standing proudly in Southern India, the Whole was conceived in the 11th century with distinct Mauryan traits. Crafted from copper and slate, the structure incorporates porticos and elegantly rendered stepped terraces. It played a vital role in local rites and symbolized cosmic alignment through its orientation and form. The monument remains a testament to the community’s devotion to spiritual continuity and environmental resonance.","porticos, stepped terraces","copper, slate",Mauryan
"In Himalayas, the Keep Monument emerged during the 20th century, echoing the essence of Art Nouveau design. Crafted from palm wood and adobe, the structure incorporates tiled roofs and elegantly rendered frescoes. It played a vital role in local rites and symbolized cosmic alignment through its orientation and form. The monument remains a testament to the community’s devotion to spiritual continuity and environmental resonance.","tiled roofs, frescoes","palm wood, adobe",Art Nouveau
"Standing proudly in Mediterranean coast, the Thousand was conceived in the 9th century with distinct Inca traits. Crafted from ironwood and copper, the structure incorporates cloisters and elegantly rendered stepped terraces. It played a vital role in local rites and symbolized cosmic alignment through its orientation and form. The monument remains a testament to the community’s devotion to spiritual continuity and environmental resonance.","cloisters, stepped terraces","ironwood, copper",Inca
"In Mediterranean coast, the Today Monument emerged during the 17th century, echoing the essence of Mauryan design. Crafted from adobe and sandstone, the structure incorporates buttresses and elegantly rendered vaulted ceilings. It played a vital role in local rites and symbolized cosmic alignment through its orientation and form. The monument remains a testament to the community’s devotion to spiritual continuity and environmental resonance.","buttresses, vaulted ceilings","adobe, sandstone",Mauryan
"In Himalayas, the Report Monument emerged during the 12th century, echoing the essence of Ming Dynasty design. Crafted from slate and adobe, the structure incorporates columns and elegantly rendered porticos. It played a vital role in local rites and symbolized cosmic alignment through its orientation and form. The monument remains a testament to the community’s devotion to spiritual continuity and environmental resonance.","columns, porticos","slate, adobe",Ming Dynasty
"Standing proudly in Eastern Europe, the Explain was conceived in the 12th century with distinct Mesoamerican traits. Crafted from brick and sandstone, the structure incorporates buttresses and elegantly rendered minarets. It played a vital role in local rites and symbolized cosmic alignment through its orientation and form. The monument remains a testament to the community’s devotion to spiritual continuity and environmental resonance.","buttresses, minarets","brick, sandstone",Mesoamerican
"In Himalayas, the Thought Monument emerged during the 15th century, echoing the essence of Hoysala design. Crafted from concrete and ironwood, the structure incorporates balconies and elegantly rendered minarets. It played a vital role in local rites and symbolized cosmic alignment through its orientation and form. The monument remains a testament to the community’s devotion to spiritual continuity and environmental resonance.","balconies, minarets","concrete, ironwood",Hoysala
"The Fear in Himalayas, dating back to the 20th century, represents a pinnacle of Ming Dynasty construction. Crafted from ironwood and marble, the structure incorporates minarets and elegantly rendered cloisters. It played a vital role in local rites and symbolized cosmic alignment through its orientation and form. The monument remains a testament to the community’s devotion to spiritual continuity and environmental resonance.","minarets, cloisters","ironwood, marble",Ming Dynasty
"The Fine in Southeast Asia, dating back to the 13th century, represents a pinnacle of Mauryan construction. Crafted from copper and basalt, the structure incorporates minarets and elegantly rendered frescoes. It played a vital role in local rites and symbolized cosmic alignment through its orientation and form. The monument remains a testament to the community’s devotion to spiritual continuity and environmental resonance.","minarets, frescoes","copper, basalt",Mauryan
"Built in the 17th century, the Out of West Africa is a remarkable example of Romanesque architecture. Crafted from copper and concrete, the structure incorporates cloisters and elegantly rendered carved friezes. It played a vital role in local rites and symbolized cosmic alignment through its orientation and form. The monument remains a testament to the community’s devotion to spiritual continuity and environmental resonance.","cloisters, carved friezes","copper, concrete",Romanesque
"Built in the 7th century, the Experience of Eastern Europe is a remarkable example of Ottoman architecture. Crafted from slate and volcanic tuff, the structure incorporates stepped terraces and elegantly rendered verandas. It played a vital role in local rites and symbolized cosmic alignment through its orientation and form. The monument remains a testament to the community’s devotion to spiritual continuity and environmental resonance.","stepped terraces, verandas","slate, volcanic tuff",Ottoman
"In Himalayas, the Necessary Monument emerged during the 10th century, echoing the essence of Byzantine design. Crafted from slate and basalt, the structure incorporates tiled roofs and elegantly rendered balconies. It played a vital role in local rites and symbolized cosmic alignment through its orientation and form. The monument remains a testament to the community’s devotion to spiritual continuity and environmental resonance.","tiled roofs, balconies","slate, basalt",Byzantine
"In Himalayas, the Or Monument emerged during the 17th century, echoing the essence of Brutalist design. Crafted from basalt and adobe, the structure incorporates minarets and elegantly rendered buttresses. It played a vital role in local rites and symbolized cosmic alignment through its orientation and form. The monument remains a testament to the community’s devotion to spiritual continuity and environmental resonance.","minarets, buttresses","basalt, adobe",Brutalist
"Machine, a Ming Dynasty marvel from the 19th century, graces the landscape of Southern India. Crafted from brick and adobe, the structure incorporates verandas and elegantly rendered vaulted ceilings. It played a vital role in local rites and symbolized cosmic alignment through its orientation and form. The monument remains a testament to the community’s devotion to spiritual continuity and environmental resonance.","verandas, vaulted ceilings","brick, adobe",Ming Dynasty
"Standing proudly in Central Asia, the Important was conceived in the 10th century with distinct Hoysala traits. Crafted from marble and granite, the structure incorporates stepped terraces and elegantly rendered porticos. It played a vital role in local rites and symbolized cosmic alignment through its orientation and form. The monument remains a testament to the community’s devotion to spiritual continuity and environmental resonance.","stepped terraces, porticos","marble, granite",Hoysala
"Participant, a Inca marvel from the 9th century, graces the landscape of Pacific Northwest. Crafted from limestone and basalt, the structure incorporates cloisters and elegantly rendered spires. It played a vital role in local rites and symbolized cosmic alignment through its orientation and form. The monument remains a testament to the community’s devotion to spiritual continuity and environmental resonance.","cloisters, spires","limestone, basalt",Inca
"Rooted in the 10th century, Upon in Arabian Peninsula is crafted in the Baroque manner. Crafted from cob and limestone, the structure incorporates columns and elegantly rendered arches. It played a vital role in local rites and symbolized cosmic alignment through its orientation and form. The monument remains a testament to the community’s devotion to spiritual continuity and environmental resonance.","columns, arches","cob, limestone",Baroque
"Factor, a Mughal marvel from the 11th century, graces the landscape of Northern Russia. Crafted from ironwood and snowcrete, the structure incorporates carved friezes and elegantly rendered courtyards. It played a vital role in local rites and symbolized cosmic alignment through its orientation and form. The monument remains a testament to the community’s devotion to spiritual continuity and environmental resonance.","carved friezes, courtyards","ironwood, snowcrete",
"In Southeast Asia, the Close Monument emerged during the 8th century, echoing the essence of Baroque design. Crafted from granite and brick, the structure incorporates tiled roofs and elegantly rendered courtyards. It played a vital role in local rites and symbolized cosmic alignment through its orientation and form. The monument remains a testament to the community’s devotion to spiritual continuity and environmental resonance.","tiled roofs, courtyards","granite, brick",Baroque
"Understand, a Ottoman marvel from the 8th century, graces the landscape of Northern Russia. Crafted from adobe and brick, the structure incorporates tiled roofs and elegantly rendered verandas. It played a vital role in local rites and symbolized cosmic alignment through its orientation and form. The monument remains a testament to the community’s devotion to spiritual continuity and environmental resonance.","tiled roofs, verandas","adobe, brick",Ottoman
"The Nearly in Eastern Europe, dating back to the 10th century, represents a pinnacle of Brutalist construction. Crafted from granite and marble, the structure incorporates ribbed vaults and elegantly rendered vaulted ceilings. It played a vital role in local rites and symbolized cosmic alignment through its orientation and form. The monument remains a testament to the community’s devotion to spiritual continuity and environmental resonance.","ribbed vaults, vaulted ceilings","granite, marble",Brutalist
"Built in the 14th century, the Build of Southern India is a remarkable example of Achaemenid architecture. Crafted from limestone and ironwood, the structure incorporates arches and elegantly rendered buttresses. It played a vital role in local rites and symbolized cosmic alignment through its orientation and form. The monument remains a testament to the community’s devotion to spiritual continuity and environmental resonance.","arches, buttresses","limestone, ironwood",Achaemenid
"Standing proudly in Southeast Asia, the Federal was conceived in the 8th century with distinct Baroque traits. Crafted from limestone and concrete, the structure incorporates frescoes and elegantly rendered ribbed vaults. It played a vital role in local rites and symbolized cosmic alignment through its orientation and form. The monument remains a testament to the community’s devotion to spiritual continuity and environmental resonance.","frescoes, ribbed vaults","limestone, concrete",Baroque
"War, a Mughal marvel from the 16th century, graces the landscape of Pacific Northwest. Crafted from ironwood and limestone, the structure incorporates pagoda roofs and elegantly rendered carved friezes. It played a vital role in local rites and symbolized cosmic alignment through its orientation and form. The monument remains a testament to the community’s devotion to spiritual continuity and environmental resonance.","pagoda roofs, carved friezes","ironwood, limestone",
"Standing proudly in Northern Russia, the Produce was conceived in the 9th century with distinct Mesoamerican traits. Crafted from sandstone and snowcrete, the structure incorporates frescoes and elegantly rendered arches. It played a vital role in local rites and symbolized cosmic alignment through its orientation and form. The monument remains a testament to the community’s devotion to spiritual continuity and environmental resonance.","frescoes, arches","sandstone, snowcrete",Mesoamerican
"Rooted in the 8th century, Force in Siberia is crafted in the Brutalist manner. Crafted from palm wood and basalt, the structure incorporates tiled roofs and elegantly rendered pagoda roofs. It played a vital role in local rites and symbolized cosmic alignment through its orientation and form. The monument remains a testament to the community’s devotion to spiritual continuity and environmental resonance.","tiled roofs, pagoda roofs","palm wood, basalt",Brutalist
"Standing proudly in Northern Russia, the Price was conceived in the 14th century with distinct Ming Dynasty traits. Crafted from palm wood and snowcrete, the structure incorporates tiled roofs and elegantly rendered columns. It played a vital role in local rites and symbolized cosmic alignment through its orientation and form. The monument remains a testament to the community’s devotion to spiritual continuity and environmental resonance.","tiled roofs, columns","palm wood, snowcrete",Ming Dynasty
"In Southeast Asia, the State Monument emerged during the 13th century, echoing the essence of Aztec design. Crafted from granite and cob, the structure incorporates columns and elegantly rendered tiled roofs. It played a vital role in local rites and symbolized cosmic alignment through its orientation and form. The monument remains a testament to the community’s devotion to spiritual continuity and environmental resonance.","columns, tiled roofs","granite, cob",Aztec
"Standing proudly in Pacific Northwest, the Imagine was conceived in the 20th century with distinct Colonial traits. Crafted from cob and brick, the structure incorporates carved friezes and elegantly rendered spires. It played a vital role in local rites and symbolized cosmic alignment through its orientation and form. The monument remains a testament to the community’s devotion to spiritual continuity and environmental resonance.","carved friezes, spires","cob, brick",Colonial
"Rooted in the 13th century, Mr in Southern India is crafted in the Renaissance manner. Crafted from sandstone and volcanic tuff, the structure incorporates domes and elegantly rendered carved friezes. It played a vital role in local rites and symbolized cosmic alignment through its orientation and form. The monument remains a testament to the community’s devotion to spiritual continuity and environmental resonance.","domes, carved friezes","sandstone, volcanic tuff",Renaissance
"Thing, a Ming Dynasty marvel from the 16th century, graces the landscape of Balkan Peninsula. Crafted from sandstone and adobe, the structure incorporates arches and elegantly rendered domes. It played a vital role in local rites and symbolized cosmic alignment through its orientation and form. The monument remains a testament to the community’s devotion to spiritual continuity and environmental resonance.","arches, domes","sandstone, adobe",Ming Dynasty
"Believe, a Achaemenid marvel from the 14th century, graces the landscape of Andes Mountains. Crafted from bronze and ironwood, the structure incorporates frescoes and elegantly rendered carved friezes. It played a vital role in local rites and symbolized cosmic alignment through its orientation and form. The monument remains a testament to the community’s devotion to spiritual continuity and environmental resonance.","frescoes, carved friezes","bronze, ironwood",Achaemenid
"Standing proudly in Siberia, the Check was conceived in the 20th century with distinct Colonial traits. Crafted from granite and limestone, the structure incorporates porticos and elegantly rendered columns. It played a vital role in local rites and symbolized cosmic alignment through its orientation and form. The monument remains a testament to the community’s devotion to spiritual continuity and environmental resonance.","porticos, columns","granite, limestone",Colonial
"In Mediterranean coast, the Know Monument emerged during the 9th century, echoing the essence of Mauryan design. Crafted from snowcrete and basalt, the structure incorporates stained glass and elegantly rendered carved friezes. It played a vital role in local rites and symbolized cosmic alignment through its orientation and form. The monument remains a testament to the community’s devotion to spiritual continuity and environmental resonance.","stained glass, carved friezes","snowcrete, basalt",Mauryan
"The Gas in Andes Mountains, dating back to the 17th century, represents a pinnacle of Brutalist construction. Crafted from adobe and copper, the structure incorporates vaulted ceilings and elegantly rendered domes. It played a vital role in local rites and symbolized cosmic alignment through its orientation and form. The monument remains a testament to the community’s devotion to spiritual continuity and environmental resonance.","vaulted ceilings, domes","adobe, copper",Brutalist
"The Government in Amazon basin, dating back to the 10th century, represents a pinnacle of Mauryan construction. Crafted from snowcrete and slate, the structure incorporates spires and elegantly rendered buttresses. It played a vital role in local rites and symbolized cosmic alignment through its orientation and form. The monument remains a testament to the community’s devotion to spiritual continuity and environmental resonance.","spires, buttresses","snowcrete, slate",Mauryan
"Built in the 8th century, the Lawyer of Pacific Northwest is a remarkable example of Aztec architecture. Crafted from snowcrete and granite, the structure incorporates stained glass and elegantly rendered porticos. It played a vital role in local rites and symbolized cosmic alignment through its orientation and form. The monument remains a testament to the community’s devotion to spiritual continuity and environmental resonance.","stained glass, porticos","snowcrete, granite",Aztec
"Built in the 18th century, the Song of Pacific Northwest is a remarkable example of Mughal architecture. Crafted from palm wood and timber, the structure incorporates columns and elegantly rendered minarets. It played a vital role in local rites and symbolized cosmic alignment through its orientation and form. The monument remains a testament to the community’s devotion to spiritual continuity and environmental resonance.","columns, minarets","palm wood, timber",
"Standing proudly in West Africa, the Common was conceived in the 13th century with distinct Colonial traits. Crafted from limestone and volcanic tuff, the structure incorporates carved friezes and elegantly rendered courtyards. It played a vital role in local rites and symbolized cosmic alignment through its orientation and form. The monument remains a testament to the community’s devotion to spiritual continuity and environmental resonance.","carved friezes, courtyards","limestone, volcanic tuff",Colonial
"In West Africa, the Form Monument emerged during the 11th century, echoing the essence of Hoysala design. Crafted from palm wood and sandstone, the structure incorporates vaulted ceilings and elegantly rendered courtyards. It played a vital role in local rites and symbolized cosmic alignment through its orientation and form. The monument remains a testament to the community’s devotion to spiritual continuity and environmental resonance.","vaulted ceilings, courtyards","palm wood, sandstone",Hoysala
"In Mediterranean coast, the True Monument emerged during the 6th century, echoing the essence of Baroque design. Crafted from palm wood and copper, the structure incorporates courtyards and elegantly rendered tiled roofs. It played a vital role in local rites and symbolized cosmic alignment through its orientation and form. The monument remains a testament to the community’s devotion to spiritual continuity and environmental resonance.","courtyards, tiled roofs","palm wood, copper",Baroque
"Standing proudly in Andes Mountains, the Magazine was conceived in the 13th century with distinct Neoclassical traits. Crafted from ironwood and concrete, the structure incorporates minarets and elegantly rendered courtyards. It played a vital role in local rites and symbolized cosmic alignment through its orientation and form. The monument remains a testament to the community’s devotion to spiritual continuity and environmental resonance.","minarets, courtyards","ironwood, concrete",Neoclassical
"Including, a Romanesque marvel from the 14th century, graces the landscape of Amazon basin. Crafted from sandstone and granite, the structure incorporates carved friezes and elegantly rendered stained glass. It played a vital role in local rites and symbolized cosmic alignment through its orientation and form. The monument remains a testament to the community’s devotion to spiritual continuity and environmental resonance.","carved friezes, stained glass","sandstone, granite",Romanesque
"Rooted in the 10th century, Conference in Andes Mountains is crafted in the Romanesque manner. Crafted from cob and stucco, the structure incorporates pagoda roofs and elegantly rendered courtyards. It played a vital role in local rites and symbolized cosmic alignment through its orientation and form. The monument remains a testament to the community’s devotion to spiritual continuity and environmental resonance.","pagoda roofs, courtyards","cob, stucco",Romanesque
"Sit, a Renaissance marvel from the 13th century, graces the landscape of Amazon basin. Crafted from snowcrete and bronze, the structure incorporates courtyards and elegantly rendered spires. It played a vital role in local rites and symbolized cosmic alignment through its orientation and form. The monument remains a testament to the community’s devotion to spiritual continuity and environmental resonance.","courtyards, spires","snowcrete, bronze",Renaissance
"Standing proudly in Siberia, the Executive was conceived in the 15th century with distinct Mughal traits. Crafted from cob and granite, the structure incorporates pagoda roofs and elegantly rendered domes. It played a vital role in local rites and symbolized cosmic alignment through its orientation and form. The monument remains a testament to the community’s devotion to spiritual continuity and environmental resonance.","pagoda roofs, domes","cob, granite",
"Church, a Mauryan marvel from the 8th century, graces the landscape of South Pacific. Crafted from stucco and limestone, the structure incorporates verandas and elegantly rendered stained glass. It played a vital role in local rites and symbolized cosmic alignment through its orientation and form. The monument remains a testament to the community’s devotion to spiritual continuity and environmental resonance.","verandas, stained glass","stucco, limestone",Mauryan
"In Arabian Peninsula, the Process Monument emerged during the 9th century, echoing the essence of Aztec design. Crafted from cob and snowcrete, the structure incorporates columns and elegantly rendered verandas. It played a vital role in local rites and symbolized cosmic alignment through its orientation and form. The monument remains a testament to the community’s devotion to spiritual continuity and environmental resonance.","columns, verandas","cob, snowcrete",Aztec
"Rooted in the 18th century, Kind in Mediterranean coast is crafted in the Achaemenid manner. Crafted from basalt and copper, the structure incorporates frescoes and elegantly rendered carved friezes. It played a vital role in local rites and symbolized cosmic alignment through its orientation and form. The monument remains a testament to the community’s devotion to spiritual continuity and environmental resonance.","frescoes, carved friezes","basalt, copper",Achaemenid
"Current, a Aztec marvel from the 14th century, graces the landscape of Andes Mountains. Crafted from timber and adobe, the structure incorporates carved friezes and elegantly rendered tiled roofs. It played a vital role in local rites and symbolized cosmic alignment through its orientation and form. The monument remains a testament to the community’s devotion to spiritual continuity and environmental resonance.","carved friezes, tiled roofs","timber, adobe",Aztec
"The Those in Amazon basin, dating back to the 17th century, represents a pinnacle of Renaissance construction. Crafted from granite and timber, the structure incorporates verandas and elegantly rendered domes. It played a vital role in local rites and symbolized cosmic alignment through its orientation and form. The monument remains a testament to the community’s devotion to spiritual continuity and environmental resonance.","verandas, domes","granite, timber",Renaissance
"Standing proudly in South Pacific, the Teach was conceived in the 13th century with distinct Modernist traits. Crafted from volcanic tuff and bronze, the structure incorporates columns and elegantly rendered pagoda roofs. It played a vital role in local rites and symbolized cosmic alignment through its orientation and form. The monument remains a testament to the community’s devotion to spiritual continuity and environmental resonance.","columns, pagoda roofs","volcanic tuff, bronze",Modernist
"Rooted in the 8th century, North in Balkan Peninsula is crafted in the Pueblo Revival manner. Crafted from sandstone and palm wood, the structure incorporates domes and elegantly rendered ribbed vaults. It played a vital role in local rites and symbolized cosmic alignment through its orientation and form. The monument remains a testament to the community’s devotion to spiritual continuity and environmental resonance.","domes, ribbed vaults","sandstone, palm wood",Pueblo Revival
"In Central Asia, the Question Monument emerged during the 7th century, echoing the essence of Art Nouveau design. Crafted from slate and granite, the structure incorporates frescoes and elegantly rendered verandas. It played a vital role in local rites and symbolized cosmic alignment through its orientation and form. The monument remains a testament to the community’s devotion to spiritual continuity and environmental resonance.","frescoes, verandas","slate, granite",Art Nouveau
"In Eastern Europe, the Major Monument emerged during the 9th century, echoing the essence of Renaissance design. Crafted from stucco and basalt, the structure incorporates tiled roofs and elegantly rendered arches. It played a vital role in local rites and symbolized cosmic alignment through its orientation and form. The monument remains a testament to the community’s devotion to spiritual continuity and environmental resonance.","tiled roofs, arches","stucco, basalt",Renaissance
"Miss, a Achaemenid marvel from the 10th century, graces the landscape of Pacific Northwest. Crafted from bronze and palm wood, the structure incorporates verandas and elegantly rendered stepped terraces. It played a vital role in local rites and symbolized cosmic alignment through its orientation and form. The monument remains a testament to the community’s devotion to spiritual continuity and environmental resonance.","verandas, stepped terraces","bronze, palm wood",Achaemenid
"In Northern Russia, the Provide Monument emerged during the 13th century, echoing the essence of Inca design. Crafted from adobe and granite, the structure incorporates pagoda roofs and elegantly rendered carved friezes. It played a vital role in local rites and symbolized cosmic alignment through its orientation and form. The monument remains a testament to the community’s devotion to spiritual continuity and environmental resonance.","pagoda roofs, carved friezes","adobe, granite",Inca
"Rooted in the 7th century, Detail in West Africa is crafted in the Art Nouveau manner. Crafted from sandstone and bronze, the structure incorporates columns and elegantly rendered porticos. It played a vital role in local rites and symbolized cosmic alignment through its orientation and form. The monument remains a testament to the community’s devotion to spiritual continuity and environmental resonance.","columns, porticos","sandstone, bronze",Art Nouveau
"The Company in Siberia, dating back to the 15th century, represents a pinnacle of Ming Dynasty construction. Crafted from marble and basalt, the structure incorporates spires and elegantly rendered ribbed vaults. It played a vital role in local rites and symbolized cosmic alignment through its orientation and form. The monument remains a testament to the community’s devotion to spiritual continuity and environmental resonance.","spires, ribbed vaults","marble, basalt",Ming Dynasty
"Rooted in the 8th century, Direction in South Pacific is crafted in the Hoysala manner. Crafted from cob and limestone, the structure incorporates minarets and elegantly rendered verandas. It played a vital role in local rites and symbolized cosmic alignment through its orientation and form. The monument remains a testament to the community’s devotion to spiritual continuity and environmental resonance.","minarets, verandas","cob, limestone",Hoysala
"Built in the 16th century, the Back of Amazon basin is a remarkable example of Romanesque architecture. Crafted from limestone and adobe, the structure incorporates spires and elegantly rendered pagoda roofs. It played a vital role in local rites and symbolized cosmic alignment through its orientation and form. The monument remains a testament to the community’s devotion to spiritual continuity and environmental resonance.","spires, pagoda roofs","limestone, adobe",Romanesque
"Rooted in the 10th century, Example in Himalayas is crafted in the Aztec manner. Crafted from brick and volcanic tuff, the structure incorporates stained glass and elegantly rendered porticos. It played a vital role in local rites and symbolized cosmic alignment through its orientation and form. The monument remains a testament to the community’s devotion to spiritual continuity and environmental resonance.","stained glass, porticos","brick, volcanic tuff",Aztec
"Rooted in the 11th century, More in Andes Mountains is crafted in the Mughal manner. Crafted from bronze and copper, the structure incorporates domes and elegantly rendered carved friezes. It played a vital role in local rites and symbolized cosmic alignment through its orientation and form. The monument remains a testament to the community’s devotion to spiritual continuity and environmental resonance.","domes, carved friezes","bronze, copper",
"Country, a Ottoman marvel from the 19th century, graces the landscape of Siberia. Crafted from limestone and palm wood, the structure incorporates stepped terraces and elegantly rendered courtyards. It played a vital role in local rites and symbolized cosmic alignment through its orientation and form. The monument remains a testament to the community’s devotion to spiritual continuity and environmental resonance.","stepped terraces, courtyards","limestone, palm wood",Ottoman
"Rooted in the 18th century, Wait in Siberia is crafted in the Aztec manner. Crafted from basalt and volcanic tuff, the structure incorporates courtyards and elegantly rendered columns. It played a vital role in local rites and symbolized cosmic alignment through its orientation and form. The monument remains a testament to the community’s devotion to spiritual continuity and environmental resonance.","courtyards, columns","basalt, volcanic tuff",Aztec
"In Eastern Europe, the Kid Monument emerged during the 20th century, echoing the essence of Ming Dynasty design. Crafted from volcanic tuff and timber, the structure incorporates balconies and elegantly rendered courtyards. It played a vital role in local rites and symbolized cosmic alignment through its orientation and form. The monument remains a testament to the community’s devotion to spiritual continuity and environmental resonance.","balconies, courtyards","volcanic tuff, timber",Ming Dynasty
"The Them in Amazon basin, dating back to the 8th century, represents a pinnacle of Inca construction. Crafted from adobe and cob, the structure incorporates arches and elegantly rendered columns. It played a vital role in local rites and symbolized cosmic alignment through its orientation and form. The monument remains a testament to the community’s devotion to spiritual continuity and environmental resonance.","arches, columns","adobe, cob",Inca
"Standing proudly in Pacific Northwest, the Little was conceived in the 6th century with distinct Aztec traits. Crafted from sandstone and volcanic tuff, the structure incorporates stained glass and elegantly rendered pagoda roofs. It played a vital role in local rites and symbolized cosmic alignment through its orientation and form. The monument remains a testament to the community’s devotion to spiritual continuity and environmental resonance.","stained glass, pagoda roofs","sandstone, volcanic tuff",Aztec
"Rooted in the 19th century, Response in Arabian Peninsula is crafted in the Ottoman manner. Crafted from volcanic tuff and slate, the structure incorporates courtyards and elegantly rendered stepped terraces. It played a vital role in local rites and symbolized cosmic alignment through its orientation and form. The monument remains a testament to the community’s devotion to spiritual continuity and environmental resonance.","courtyards, stepped terraces","volcanic tuff, slate",Ottoman
"In, a Ming Dynasty marvel from the 14th century, graces the landscape of Southeast Asia. Crafted from copper and volcanic tuff, the structure incorporates frescoes and elegantly rendered minarets. It played a vital role in local rites and symbolized cosmic alignment through its orientation and form. The monument remains a testament to the community’s devotion to spiritual continuity and environmental resonance.","frescoes, minarets","copper, volcanic tuff",Ming Dynasty
"Built in the 7th century, the Area of Balkan Peninsula is a remarkable example of Art Nouveau architecture. Crafted from timber and granite, the structure incorporates balconies and elegantly rendered arches. It played a vital role in local rites and symbolized cosmic alignment through its orientation and form. The monument remains a testament to the community’s devotion to spiritual continuity and environmental resonance.","balconies, arches","timber, granite",Art Nouveau
"The Eight in Arabian Peninsula, dating back to the 16th century, represents a pinnacle of Baroque construction. Crafted from copper and palm wood, the structure incorporates ribbed vaults and elegantly rendered domes. It played a vital role in local rites and symbolized cosmic alignment through its orientation and form. The monument remains a testament to the community’s devotion to spiritual continuity and environmental resonance.","ribbed vaults, domes","copper, palm wood",Baroque
"Standing proudly in Central Asia, the Often was conceived in the 14th century with distinct Renaissance traits. Crafted from cob and stucco, the structure incorporates carved friezes and elegantly rendered frescoes. It played a vital role in local rites and symbolized cosmic alignment through its orientation and form. The monument remains a testament to the community’s devotion to spiritual continuity and environmental resonance.","carved friezes, frescoes","cob, stucco",Renaissance
"Role, a Modernist marvel from the 7th century, graces the landscape of Eastern Europe. Crafted from marble and ironwood, the structure incorporates frescoes and elegantly rendered pagoda roofs. It played a vital role in local rites and symbolized cosmic alignment through its orientation and form. The monument remains a testament to the community’s devotion to spiritual continuity and environmental resonance.","frescoes, pagoda roofs","marble, ironwood",Modernist
"Built in the 12th century, the Rate of Siberia is a remarkable example of Baroque architecture. Crafted from snowcrete and palm wood, the structure incorporates columns and elegantly rendered domes. It played a vital role in local rites and symbolized cosmic alignment through its orientation and form. The monument remains a testament to the community’s devotion to spiritual continuity and environmental resonance.","columns, domes","snowcrete, palm wood",Baroque
"Offer, a Byzantine marvel from the 20th century, graces the landscape of South Pacific. Crafted from concrete and sandstone, the structure incorporates balconies and elegantly rendered arches. It played a vital role in local rites and symbolized cosmic alignment through its orientation and form. The monument remains a testament to the community’s devotion to spiritual continuity and environmental resonance.","balconies, arches","concrete, sandstone",Byzantine
"Rooted in the 7th century, Another in Balkan Peninsula is crafted in the Renaissance manner. Crafted from sandstone and timber, the structure incorporates domes and elegantly rendered arches. It played a vital role in local rites and symbolized cosmic alignment through its orientation and form. The monument remains a testament to the community’s devotion to spiritual continuity and environmental resonance.","domes, arches","sandstone, timber",Renaissance
"Built in the 17th century, the Practice of Arabian Peninsula is a remarkable example of Gothic architecture. Crafted from ironwood and copper, the structure incorporates cloisters and elegantly rendered tiled roofs. It played a vital role in local rites and symbolized cosmic alignment through its orientation and form. The monument remains a testament to the community’s devotion to spiritual continuity and environmental resonance.","cloisters, tiled roofs","ironwood, copper",Gothic
"Built in the 12th century, the Relationship of Amazon basin is a remarkable example of Gothic architecture. Crafted from slate and sandstone, the structure incorporates balconies and elegantly rendered courtyards. It played a vital role in local rites and symbolized cosmic alignment through its orientation and form. The monument remains a testament to the community’s devotion to spiritual continuity and environmental resonance.","balconies, courtyards","slate, sandstone",Gothic
"In Northern Russia, the Only Monument emerged during the 20th century, echoing the essence of Hoysala design. Crafted from brick and concrete, the structure incorporates balconies and elegantly rendered ribbed vaults. It played a vital role in local rites and symbolized cosmic alignment through its orientation and form. The monument remains a testament to the community’s devotion to spiritual continuity and environmental resonance.","balconies, ribbed vaults","brick, concrete",Hoysala
"Rooted in the 13th century, Free in West Africa is crafted in the Mughal manner. Crafted from slate and stucco, the structure incorporates frescoes and elegantly rendered minarets. It played a vital role in local rites and symbolized cosmic alignment through its orientation and form. The monument remains a testament to the community’s devotion to spiritual continuity and environmental resonance.","frescoes, minarets","slate, stucco",
"The Number in West Africa, dating back to the 14th century, represents a pinnacle of Art Nouveau construction. Crafted from basalt and limestone, the structure incorporates carved friezes and elegantly rendered stained glass. It played a vital role in local rites and symbolized cosmic alignment through its orientation and form. The monument remains a testament to the community’s devotion to spiritual continuity and environmental resonance.","carved friezes, stained glass","basalt, limestone",Art Nouveau
"The Bit in West Africa, dating back to the 16th century, represents a pinnacle of Ottoman construction. Crafted from palm wood and marble, the structure incorporates spires and elegantly rendered tiled roofs. It played a vital role in local rites and symbolized cosmic alignment through its orientation and form. The monument remains a testament to the community’s devotion to spiritual continuity and environmental resonance.","spires, tiled roofs","palm wood, marble",Ottoman
"Less, a Baroque marvel from the 20th century, graces the landscape of Siberia. Crafted from cob and stucco, the structure incorporates spires and elegantly rendered stepped terraces. It played a vital role in local rites and symbolized cosmic alignment through its orientation and form. The monument remains a testament to the community’s devotion to spiritual continuity and environmental resonance.","spires, stepped terraces","cob, stucco",Baroque
"Built in the 18th century, the Bill of Amazon basin is a remarkable example of Pueblo Revival architecture. Crafted from basalt and marble, the structure incorporates stained glass and elegantly rendered columns. It played a vital role in local rites and symbolized cosmic alignment through its orientation and form. The monument remains a testament to the community’s devotion to spiritual continuity and environmental resonance.","stained glass, columns","basalt, marble",Pueblo Revival
"Beyond, a Byzantine marvel from the 19th century, graces the landscape of Southeast Asia. Crafted from stucco and sandstone, the structure incorporates cloisters and elegantly rendered pagoda roofs. It played a vital role in local rites and symbolized cosmic alignment through its orientation and form. The monument remains a testament to the community’s devotion to spiritual continuity and environmental resonance.","cloisters, pagoda roofs","stucco, sandstone",Byzantine
"Walk, a Pueblo Revival marvel from the 8th century, graces the landscape of Northern Russia. Crafted from bronze and timber, the structure incorporates balconies and elegantly rendered ribbed vaults. It played a vital role in local rites and symbolized cosmic alignment through its orientation and form. The monument remains a testament to the community’s devotion to spiritual continuity and environmental resonance.","balconies, ribbed vaults","bronze, timber",Pueblo Revival
"In Himalayas, the Guy Monument emerged during the 15th century, echoing the essence of Byzantine design. Crafted from volcanic tuff and snowcrete, the structure incorporates arches and elegantly rendered stained glass. It played a vital role in local rites and symbolized cosmic alignment through its orientation and form. The monument remains a testament to the community’s devotion to spiritual continuity and environmental resonance.","arches, stained glass","volcanic tuff, snowcrete",Byzantine
"In Northern Russia, the Use Monument emerged during the 6th century, echoing the essence of Achaemenid design. Crafted from basalt and copper, the structure incorporates columns and elegantly rendered arches. It played a vital role in local rites and symbolized cosmic alignment through its orientation and form. The monument remains a testament to the community’s devotion to spiritual continuity and environmental resonance.","columns, arches","basalt, copper",Achaemenid
"Rooted in the 11th century, Final in Northern Russia is crafted in the Hoysala manner. Crafted from bronze and cob, the structure incorporates stepped terraces and elegantly rendered stained glass. It played a vital role in local rites and symbolized cosmic alignment through its orientation and form. The monument remains a testament to the community’s devotion to spiritual continuity and environmental resonance.","stepped terraces, stained glass","bronze, cob",Hoysala
"The Decide in Northern Russia, dating back to the 19th century, represents a pinnacle of Inca construction. Crafted from slate and volcanic tuff, the structure incorporates cloisters and elegantly rendered stained glass. It played a vital role in local rites and symbolized cosmic alignment through its orientation and form. The monument remains a testament to the community’s devotion to spiritual continuity and environmental resonance.","cloisters, stained glass","slate, volcanic tuff",Inca
"In Arabian Peninsula, the Say Monument emerged during the 15th century, echoing the essence of Art Nouveau design. Crafted from stucco and concrete, the structure incorporates spires and elegantly rendered stained glass. It played a vital role in local rites and symbolized cosmic alignment through its orientation and form. The monument remains a testament to the community’s devotion to spiritual continuity and environmental resonance.","spires, stained glass","stucco, concrete",Art Nouveau
"The None in South Pacific, dating back to the 8th century, represents a pinnacle of Aztec construction. Crafted from brick and volcanic tuff, the structure incorporates buttresses and elegantly rendered tiled roofs. It played a vital role in local rites and symbolized cosmic alignment through its orientation and form. The monument remains a testament to the community’s devotion to spiritual continuity and environmental resonance.","buttresses, tiled roofs","brick, volcanic tuff",Aztec
"Religious, a Art Nouveau marvel from the 19th century, graces the landscape of Balkan Peninsula. Crafted from bronze and volcanic tuff, the structure incorporates balconies and elegantly rendered columns. It played a vital role in local rites and symbolized cosmic alignment through its orientation and form. The monument remains a testament to the community’s devotion to spiritual continuity and environmental resonance.","balconies, columns","bronze, volcanic tuff",Art Nouveau
"The Discussion in Andes Mountains, dating back to the 9th century, represents a pinnacle of Hoysala construction. Crafted from concrete and volcanic tuff, the structure incorporates stained glass and elegantly rendered carved friezes. It played a vital role in local rites and symbolized cosmic alignment through its orientation and form. The monument remains a testament to the community’s devotion to spiritual continuity and environmental resonance.","stained glass, carved friezes","concrete, volcanic tuff",Hoysala
"Rooted in the 13th century, Easy in Siberia is crafted in the Neoclassical manner. Crafted from cob and basalt, the structure incorporates balconies and elegantly rendered frescoes. It played a vital role in local rites and symbolized cosmic alignment through its orientation and form. The monument remains a testament to the community’s devotion to spiritual continuity and environmental resonance.","balconies, frescoes","cob, basalt",Neoclassical
"Standing proudly in Pacific Northwest, the Figure was conceived in the 16th century with distinct Colonial traits. Crafted from palm wood and limestone, the structure incorporates porticos and elegantly rendered balconies. It played a vital role in local rites and symbolized cosmic alignment through its orientation and form. The monument remains a testament to the community’s devotion to spiritual continuity and environmental resonance.","porticos, balconies","palm wood, limestone",Colonial
"Positive, a Mughal marvel from the 10th century, graces the landscape of Arabian Peninsula. Crafted from brick and ironwood, the structure incorporates arches and elegantly rendered stepped terraces. It played a vital role in local rites and symbolized cosmic alignment through its orientation and form. The monument remains a testament to the community’s devotion to spiritual continuity and environmental resonance.","arches, stepped terraces","brick, ironwood",
"In Amazon basin, the Though Monument emerged during the 14th century, echoing the essence of Romanesque design. Crafted from brick and marble, the structure incorporates arches and elegantly rendered vaulted ceilings. It played a vital role in local rites and symbolized cosmic alignment through its orientation and form. The monument remains a testament to the community’s devotion to spiritual continuity and environmental resonance.","arches, vaulted ceilings","brick, marble",Romanesque
"The Budget in Northern Russia, dating back to the 18th century, represents a pinnacle of Renaissance construction. Crafted from bronze and volcanic tuff, the structure incorporates spires and elegantly rendered arches. It played a vital role in local rites and symbolized cosmic alignment through its orientation and form. The monument remains a testament to the community’s devotion to spiritual continuity and environmental resonance.","spires, arches","bronze, volcanic tuff",Renaissance
"The Compare in Southeast Asia, dating back to the 19th century, represents a pinnacle of Romanesque construction. Crafted from bronze and marble, the structure incorporates stepped terraces and elegantly rendered spires. It played a vital role in local rites and symbolized cosmic alignment through its orientation and form. The monument remains a testament to the community’s devotion to spiritual continuity and environmental resonance.","stepped terraces, spires","bronze, marble",Romanesque
"Leader, a Mughal marvel from the 17th century, graces the landscape of West Africa. Crafted from brick and timber, the structure incorporates carved friezes and elegantly rendered ribbed vaults. It played a vital role in local rites and symbolized cosmic alignment through its orientation and form. The monument remains a testament to the community’s devotion to spiritual continuity and environmental resonance.","carved friezes, ribbed vaults","brick, timber",
"Rooted in the 15th century, Foreign in Eastern Europe is crafted in the Aztec manner. Crafted from ironwood and concrete, the structure incorporates columns and elegantly rendered carved friezes. It played a vital role in local rites and symbolized cosmic alignment through its orientation and form. The monument remains a testament to the community’s devotion to spiritual continuity and environmental resonance.","columns, carved friezes","ironwood, concrete",Aztec
"Standing proudly in Southern India, the Store was conceived in the 13th century with distinct Aztec traits. Crafted from limestone and stucco, the structure incorporates minarets and elegantly rendered domes. It played a vital role in local rites and symbolized cosmic alignment through its orientation and form. The monument remains a testament to the community’s devotion to spiritual continuity and environmental resonance.","minarets, domes","limestone, stucco",Aztec
"Standing proudly in Pacific Northwest, the Section was conceived in the 17th century with distinct Art Nouveau traits. Crafted from timber and palm wood, the structure incorporates minarets and elegantly rendered cloisters. It played a vital role in local rites and symbolized cosmic alignment through its orientation and form. The monument remains a testament to the community’s devotion to spiritual continuity and environmental resonance.","minarets, cloisters","timber, palm wood",Art Nouveau
"In Pacific Northwest, the Month Monument emerged during the 17th century, echoing the essence of Ming Dynasty design. Crafted from volcanic tuff and concrete, the structure incorporates pagoda roofs and elegantly rendered porticos. It played a vital role in local rites and symbolized cosmic alignment through its orientation and form. The monument remains a testament to the community’s devotion to spiritual continuity and environmental resonance.","pagoda roofs, porticos","volcanic tuff, concrete",Ming Dynasty
"Life, a Romanesque marvel from the 17th century, graces the landscape of West Africa. Crafted from marble and timber, the structure incorporates minarets and elegantly rendered vaulted ceilings. It played a vital role in local rites and symbolized cosmic alignment through its orientation and form. The monument remains a testament to the community’s devotion to spiritual continuity and environmental resonance.","minarets, vaulted ceilings","marble, timber",Romanesque
"Built in the 9th century, the Answer of Siberia is a remarkable example of Ottoman architecture. Crafted from copper and brick, the structure incorporates arches and elegantly rendered minarets. It played a vital role in local rites and symbolized cosmic alignment through its orientation and form. The monument remains a testament to the community’s devotion to spiritual continuity and environmental resonance.","arches, minarets","copper, brick",Ottoman
"Rooted in the 6th century, Hot in Siberia is crafted in the Aztec manner. Crafted from palm wood and brick, the structure incorporates ribbed vaults and elegantly rendered tiled roofs. It played a vital role in local rites and symbolized cosmic alignment through its orientation and form. The monument remains a testament to the community’s devotion to spiritual continuity and environmental resonance.","ribbed vaults, tiled roofs","palm wood, brick",Aztec
"In South Pacific, the Image Monument emerged during the 16th century, echoing the essence of Baroque design. Crafted from limestone and copper, the structure incorporates stepped terraces and elegantly rendered tiled roofs. It played a vital role in local rites and symbolized cosmic alignment through its orientation and form. The monument remains a testament to the community’s devotion to spiritual continuity and environmental resonance.","stepped terraces, tiled roofs","limestone, copper",Baroque
"In Southern India, the Anything Monument emerged during the 18th century, echoing the essence of Ottoman design. Crafted from ironwood and palm wood, the structure incorporates vaulted ceilings and elegantly rendered frescoes. It played a vital role in local rites and symbolized cosmic alignment through its orientation and form. The monument remains a testament to the community’s devotion to spiritual continuity and environmental resonance.","vaulted ceilings, frescoes","ironwood, palm wood",Ottoman
"Standing proudly in West Africa, the Street was conceived in the 6th century with distinct Neoclassical traits. Crafted from brick and timber, the structure incorporates minarets and elegantly rendered stained glass. It played a vital role in local rites and symbolized cosmic alignment through its orientation and form. The monument remains a testament to the community’s devotion to spiritual continuity and environmental resonance.","minarets, stained glass","brick, timber",Neoclassical
"From, a Byzantine marvel from the 11th century, graces the landscape of Andes Mountains. Crafted from snowcrete and copper, the structure incorporates frescoes and elegantly rendered arches. It played a vital role in local rites and symbolized cosmic alignment through its orientation and form. The monument remains a testament to the community’s devotion to spiritual continuity and environmental resonance.","frescoes, arches","snowcrete, copper",Byzantine
"The Peace in Himalayas, dating back to the 12th century, represents a pinnacle of Gothic construction. Crafted from granite and timber, the structure incorporates carved friezes and elegantly rendered tiled roofs. It played a vital role in local rites and symbolized cosmic alignment through its orientation and form. The monument remains a testament to the community’s devotion to spiritual continuity and environmental resonance.","carved friezes, tiled roofs","granite, timber",Gothic
"In Andes Mountains, the College Monument emerged during the 18th century, echoing the essence of Baroque design. Crafted from volcanic tuff and basalt, the structure incorporates buttresses and elegantly rendered frescoes. It played a vital role in local rites and symbolized cosmic alignment through its orientation and form. The monument remains a testament to the community’s devotion to spiritual continuity and environmental resonance.","buttresses, frescoes","volcanic tuff, basalt",Baroque
